--
-- PostgreSQL database dump
--

\restrict EiNBaaGcgrYb3asvnaEX5Qe1ozaxHxt4Zj61lnyxjCNNSE8jlTWPDFNTFrCLnVK

-- Dumped from database version 18.3
-- Dumped by pg_dump version 18.3

SET statement_timeout = 0;
SET lock_timeout = 0;
SET idle_in_transaction_session_timeout = 0;
SET transaction_timeout = 0;
SET client_encoding = 'UTF8';
SET standard_conforming_strings = on;
SELECT pg_catalog.set_config('search_path', '', false);
SET check_function_bodies = false;
SET xmloption = content;
SET client_min_messages = warning;
SET row_security = off;

SET default_tablespace = '';

SET default_table_access_method = heap;

--
-- Name: accounts_activitylog; Type: TABLE; Schema: public; Owner: postgres
--

CREATE TABLE public.accounts_activitylog (
    id bigint NOT NULL,
    action character varying(30) NOT NULL,
    ip_address character varying(50),
    "timestamp" timestamp with time zone NOT NULL,
    user_id integer,
    user_agent text,
    username_attempt character varying(150)
);


ALTER TABLE public.accounts_activitylog OWNER TO postgres;

--
-- Name: accounts_activitylog_id_seq; Type: SEQUENCE; Schema: public; Owner: postgres
--

ALTER TABLE public.accounts_activitylog ALTER COLUMN id ADD GENERATED BY DEFAULT AS IDENTITY (
    SEQUENCE NAME public.accounts_activitylog_id_seq
    START WITH 1
    INCREMENT BY 1
    NO MINVALUE
    NO MAXVALUE
    CACHE 1
);


--
-- Name: accounts_emailotp; Type: TABLE; Schema: public; Owner: postgres
--

CREATE TABLE public.accounts_emailotp (
    id bigint NOT NULL,
    otp_code character varying(6) NOT NULL,
    created_at timestamp with time zone NOT NULL,
    is_used boolean NOT NULL,
    user_id integer,
    otp_hash character varying(64),
    action character varying(20) NOT NULL,
    email_sent character varying(254),
    ip_address character varying(50),
    is_active boolean NOT NULL,
    used_at timestamp with time zone
);


ALTER TABLE public.accounts_emailotp OWNER TO postgres;

--
-- Name: accounts_emailotp_id_seq; Type: SEQUENCE; Schema: public; Owner: postgres
--

ALTER TABLE public.accounts_emailotp ALTER COLUMN id ADD GENERATED BY DEFAULT AS IDENTITY (
    SEQUENCE NAME public.accounts_emailotp_id_seq
    START WITH 1
    INCREMENT BY 1
    NO MINVALUE
    NO MAXVALUE
    CACHE 1
);


--
-- Name: accounts_loginhistory; Type: TABLE; Schema: public; Owner: postgres
--

CREATE TABLE public.accounts_loginhistory (
    id bigint NOT NULL,
    ip inet NOT NULL,
    device character varying(255) NOT NULL,
    "time" timestamp with time zone NOT NULL,
    status character varying(50) NOT NULL,
    user_id integer NOT NULL
);


ALTER TABLE public.accounts_loginhistory OWNER TO postgres;

--
-- Name: accounts_loginhistory_id_seq; Type: SEQUENCE; Schema: public; Owner: postgres
--

ALTER TABLE public.accounts_loginhistory ALTER COLUMN id ADD GENERATED BY DEFAULT AS IDENTITY (
    SEQUENCE NAME public.accounts_loginhistory_id_seq
    START WITH 1
    INCREMENT BY 1
    NO MINVALUE
    NO MAXVALUE
    CACHE 1
);


--
-- Name: accounts_otp; Type: TABLE; Schema: public; Owner: postgres
--

CREATE TABLE public.accounts_otp (
    id bigint NOT NULL,
    code character varying(6) NOT NULL,
    created_at timestamp with time zone NOT NULL,
    user_id integer NOT NULL
);


ALTER TABLE public.accounts_otp OWNER TO postgres;

--
-- Name: accounts_otp_id_seq; Type: SEQUENCE; Schema: public; Owner: postgres
--

ALTER TABLE public.accounts_otp ALTER COLUMN id ADD GENERATED BY DEFAULT AS IDENTITY (
    SEQUENCE NAME public.accounts_otp_id_seq
    START WITH 1
    INCREMENT BY 1
    NO MINVALUE
    NO MAXVALUE
    CACHE 1
);


--
-- Name: accounts_pendingregistration; Type: TABLE; Schema: public; Owner: postgres
--

CREATE TABLE public.accounts_pendingregistration (
    id bigint NOT NULL,
    email character varying(254) NOT NULL,
    otp_code character varying(6) NOT NULL,
    created_at timestamp with time zone NOT NULL,
    is_used boolean NOT NULL,
    temp_data jsonb NOT NULL
);


ALTER TABLE public.accounts_pendingregistration OWNER TO postgres;

--
-- Name: accounts_pendingregistration_id_seq; Type: SEQUENCE; Schema: public; Owner: postgres
--

ALTER TABLE public.accounts_pendingregistration ALTER COLUMN id ADD GENERATED BY DEFAULT AS IDENTITY (
    SEQUENCE NAME public.accounts_pendingregistration_id_seq
    START WITH 1
    INCREMENT BY 1
    NO MINVALUE
    NO MAXVALUE
    CACHE 1
);


--
-- Name: accounts_remoteauthrequest; Type: TABLE; Schema: public; Owner: postgres
--

CREATE TABLE public.accounts_remoteauthrequest (
    id bigint NOT NULL,
    session_key character varying(40) NOT NULL,
    device_info character varying(255) NOT NULL,
    status character varying(20) NOT NULL,
    created_at timestamp with time zone NOT NULL,
    user_id integer NOT NULL
);


ALTER TABLE public.accounts_remoteauthrequest OWNER TO postgres;

--
-- Name: accounts_remoteauthrequest_id_seq; Type: SEQUENCE; Schema: public; Owner: postgres
--

ALTER TABLE public.accounts_remoteauthrequest ALTER COLUMN id ADD GENERATED BY DEFAULT AS IDENTITY (
    SEQUENCE NAME public.accounts_remoteauthrequest_id_seq
    START WITH 1
    INCREMENT BY 1
    NO MINVALUE
    NO MAXVALUE
    CACHE 1
);


--
-- Name: accounts_trusteddevice; Type: TABLE; Schema: public; Owner: postgres
--

CREATE TABLE public.accounts_trusteddevice (
    id bigint NOT NULL,
    device_id uuid NOT NULL,
    name character varying(255) NOT NULL,
    user_agent text,
    ip_address character varying(50),
    last_seen timestamp with time zone NOT NULL,
    is_active boolean NOT NULL,
    user_id integer NOT NULL,
    session_key character varying(40)
);


ALTER TABLE public.accounts_trusteddevice OWNER TO postgres;

--
-- Name: accounts_trusteddevice_id_seq; Type: SEQUENCE; Schema: public; Owner: postgres
--

ALTER TABLE public.accounts_trusteddevice ALTER COLUMN id ADD GENERATED BY DEFAULT AS IDENTITY (
    SEQUENCE NAME public.accounts_trusteddevice_id_seq
    START WITH 1
    INCREMENT BY 1
    NO MINVALUE
    NO MAXVALUE
    CACHE 1
);


--
-- Name: accounts_user2fa; Type: TABLE; Schema: public; Owner: postgres
--

CREATE TABLE public.accounts_user2fa (
    id bigint NOT NULL,
    email_otp_enabled boolean NOT NULL,
    google_auth_enabled boolean NOT NULL,
    google_secret character varying(100),
    force_disable_2fa boolean NOT NULL,
    user_id integer NOT NULL,
    is_required boolean NOT NULL
);


ALTER TABLE public.accounts_user2fa OWNER TO postgres;

--
-- Name: accounts_user2fa_id_seq; Type: SEQUENCE; Schema: public; Owner: postgres
--

ALTER TABLE public.accounts_user2fa ALTER COLUMN id ADD GENERATED BY DEFAULT AS IDENTITY (
    SEQUENCE NAME public.accounts_user2fa_id_seq
    START WITH 1
    INCREMENT BY 1
    NO MINVALUE
    NO MAXVALUE
    CACHE 1
);


--
-- Name: accounts_userpasskey; Type: TABLE; Schema: public; Owner: postgres
--

CREATE TABLE public.accounts_userpasskey (
    id bigint NOT NULL,
    credential_id character varying(500) NOT NULL,
    public_key text NOT NULL,
    sign_count integer NOT NULL,
    created_at timestamp with time zone NOT NULL,
    user_id integer NOT NULL
);


ALTER TABLE public.accounts_userpasskey OWNER TO postgres;

--
-- Name: accounts_userpasskey_id_seq; Type: SEQUENCE; Schema: public; Owner: postgres
--

ALTER TABLE public.accounts_userpasskey ALTER COLUMN id ADD GENERATED BY DEFAULT AS IDENTITY (
    SEQUENCE NAME public.accounts_userpasskey_id_seq
    START WITH 1
    INCREMENT BY 1
    NO MINVALUE
    NO MAXVALUE
    CACHE 1
);


--
-- Name: accounts_userprofile; Type: TABLE; Schema: public; Owner: postgres
--

CREATE TABLE public.accounts_userprofile (
    id bigint NOT NULL,
    middle_name character varying(50) NOT NULL,
    phone_number character varying(15) NOT NULL,
    otp_secret character varying(255),
    has_app_otp boolean NOT NULL,
    has_email_otp boolean NOT NULL,
    email_otp character varying(6),
    otp_expiry timestamp with time zone,
    user_id integer NOT NULL,
    fido2_credential jsonb,
    has_fido2 boolean NOT NULL
);


ALTER TABLE public.accounts_userprofile OWNER TO postgres;

--
-- Name: accounts_userprofile_id_seq; Type: SEQUENCE; Schema: public; Owner: postgres
--

ALTER TABLE public.accounts_userprofile ALTER COLUMN id ADD GENERATED BY DEFAULT AS IDENTITY (
    SEQUENCE NAME public.accounts_userprofile_id_seq
    START WITH 1
    INCREMENT BY 1
    NO MINVALUE
    NO MAXVALUE
    CACHE 1
);


--
-- Name: accounts_usersessioncontrol; Type: TABLE; Schema: public; Owner: postgres
--

CREATE TABLE public.accounts_usersessioncontrol (
    id bigint NOT NULL,
    force_logout boolean NOT NULL,
    user_id integer NOT NULL
);


ALTER TABLE public.accounts_usersessioncontrol OWNER TO postgres;

--
-- Name: accounts_usersessioncontrol_id_seq; Type: SEQUENCE; Schema: public; Owner: postgres
--

ALTER TABLE public.accounts_usersessioncontrol ALTER COLUMN id ADD GENERATED BY DEFAULT AS IDENTITY (
    SEQUENCE NAME public.accounts_usersessioncontrol_id_seq
    START WITH 1
    INCREMENT BY 1
    NO MINVALUE
    NO MAXVALUE
    CACHE 1
);


--
-- Name: auth_group; Type: TABLE; Schema: public; Owner: postgres
--

CREATE TABLE public.auth_group (
    id integer NOT NULL,
    name character varying(150) NOT NULL
);


ALTER TABLE public.auth_group OWNER TO postgres;

--
-- Name: auth_group_id_seq; Type: SEQUENCE; Schema: public; Owner: postgres
--

ALTER TABLE public.auth_group ALTER COLUMN id ADD GENERATED BY DEFAULT AS IDENTITY (
    SEQUENCE NAME public.auth_group_id_seq
    START WITH 1
    INCREMENT BY 1
    NO MINVALUE
    NO MAXVALUE
    CACHE 1
);


--
-- Name: auth_group_permissions; Type: TABLE; Schema: public; Owner: postgres
--

CREATE TABLE public.auth_group_permissions (
    id bigint NOT NULL,
    group_id integer NOT NULL,
    permission_id integer NOT NULL
);


ALTER TABLE public.auth_group_permissions OWNER TO postgres;

--
-- Name: auth_group_permissions_id_seq; Type: SEQUENCE; Schema: public; Owner: postgres
--

ALTER TABLE public.auth_group_permissions ALTER COLUMN id ADD GENERATED BY DEFAULT AS IDENTITY (
    SEQUENCE NAME public.auth_group_permissions_id_seq
    START WITH 1
    INCREMENT BY 1
    NO MINVALUE
    NO MAXVALUE
    CACHE 1
);


--
-- Name: auth_permission; Type: TABLE; Schema: public; Owner: postgres
--

CREATE TABLE public.auth_permission (
    id integer NOT NULL,
    name character varying(255) NOT NULL,
    content_type_id integer NOT NULL,
    codename character varying(100) NOT NULL
);


ALTER TABLE public.auth_permission OWNER TO postgres;

--
-- Name: auth_permission_id_seq; Type: SEQUENCE; Schema: public; Owner: postgres
--

ALTER TABLE public.auth_permission ALTER COLUMN id ADD GENERATED BY DEFAULT AS IDENTITY (
    SEQUENCE NAME public.auth_permission_id_seq
    START WITH 1
    INCREMENT BY 1
    NO MINVALUE
    NO MAXVALUE
    CACHE 1
);


--
-- Name: auth_user; Type: TABLE; Schema: public; Owner: postgres
--

CREATE TABLE public.auth_user (
    id integer NOT NULL,
    password character varying(128) NOT NULL,
    last_login timestamp with time zone,
    is_superuser boolean NOT NULL,
    username character varying(150) NOT NULL,
    first_name character varying(150) NOT NULL,
    last_name character varying(150) NOT NULL,
    email character varying(254) NOT NULL,
    is_staff boolean NOT NULL,
    is_active boolean NOT NULL,
    date_joined timestamp with time zone NOT NULL
);


ALTER TABLE public.auth_user OWNER TO postgres;

--
-- Name: auth_user_groups; Type: TABLE; Schema: public; Owner: postgres
--

CREATE TABLE public.auth_user_groups (
    id bigint NOT NULL,
    user_id integer NOT NULL,
    group_id integer NOT NULL
);


ALTER TABLE public.auth_user_groups OWNER TO postgres;

--
-- Name: auth_user_groups_id_seq; Type: SEQUENCE; Schema: public; Owner: postgres
--

ALTER TABLE public.auth_user_groups ALTER COLUMN id ADD GENERATED BY DEFAULT AS IDENTITY (
    SEQUENCE NAME public.auth_user_groups_id_seq
    START WITH 1
    INCREMENT BY 1
    NO MINVALUE
    NO MAXVALUE
    CACHE 1
);


--
-- Name: auth_user_id_seq; Type: SEQUENCE; Schema: public; Owner: postgres
--

ALTER TABLE public.auth_user ALTER COLUMN id ADD GENERATED BY DEFAULT AS IDENTITY (
    SEQUENCE NAME public.auth_user_id_seq
    START WITH 1
    INCREMENT BY 1
    NO MINVALUE
    NO MAXVALUE
    CACHE 1
);


--
-- Name: auth_user_user_permissions; Type: TABLE; Schema: public; Owner: postgres
--

CREATE TABLE public.auth_user_user_permissions (
    id bigint NOT NULL,
    user_id integer NOT NULL,
    permission_id integer NOT NULL
);


ALTER TABLE public.auth_user_user_permissions OWNER TO postgres;

--
-- Name: auth_user_user_permissions_id_seq; Type: SEQUENCE; Schema: public; Owner: postgres
--

ALTER TABLE public.auth_user_user_permissions ALTER COLUMN id ADD GENERATED BY DEFAULT AS IDENTITY (
    SEQUENCE NAME public.auth_user_user_permissions_id_seq
    START WITH 1
    INCREMENT BY 1
    NO MINVALUE
    NO MAXVALUE
    CACHE 1
);


--
-- Name: django_admin_log; Type: TABLE; Schema: public; Owner: postgres
--

CREATE TABLE public.django_admin_log (
    id integer NOT NULL,
    action_time timestamp with time zone NOT NULL,
    object_id text,
    object_repr character varying(200) NOT NULL,
    action_flag smallint NOT NULL,
    change_message text NOT NULL,
    content_type_id integer,
    user_id integer NOT NULL,
    CONSTRAINT django_admin_log_action_flag_check CHECK ((action_flag >= 0))
);


ALTER TABLE public.django_admin_log OWNER TO postgres;

--
-- Name: django_admin_log_id_seq; Type: SEQUENCE; Schema: public; Owner: postgres
--

ALTER TABLE public.django_admin_log ALTER COLUMN id ADD GENERATED BY DEFAULT AS IDENTITY (
    SEQUENCE NAME public.django_admin_log_id_seq
    START WITH 1
    INCREMENT BY 1
    NO MINVALUE
    NO MAXVALUE
    CACHE 1
);


--
-- Name: django_content_type; Type: TABLE; Schema: public; Owner: postgres
--

CREATE TABLE public.django_content_type (
    id integer NOT NULL,
    app_label character varying(100) NOT NULL,
    model character varying(100) NOT NULL
);


ALTER TABLE public.django_content_type OWNER TO postgres;

--
-- Name: django_content_type_id_seq; Type: SEQUENCE; Schema: public; Owner: postgres
--

ALTER TABLE public.django_content_type ALTER COLUMN id ADD GENERATED BY DEFAULT AS IDENTITY (
    SEQUENCE NAME public.django_content_type_id_seq
    START WITH 1
    INCREMENT BY 1
    NO MINVALUE
    NO MAXVALUE
    CACHE 1
);


--
-- Name: django_migrations; Type: TABLE; Schema: public; Owner: postgres
--

CREATE TABLE public.django_migrations (
    id bigint NOT NULL,
    app character varying(255) NOT NULL,
    name character varying(255) NOT NULL,
    applied timestamp with time zone NOT NULL
);


ALTER TABLE public.django_migrations OWNER TO postgres;

--
-- Name: django_migrations_id_seq; Type: SEQUENCE; Schema: public; Owner: postgres
--

ALTER TABLE public.django_migrations ALTER COLUMN id ADD GENERATED BY DEFAULT AS IDENTITY (
    SEQUENCE NAME public.django_migrations_id_seq
    START WITH 1
    INCREMENT BY 1
    NO MINVALUE
    NO MAXVALUE
    CACHE 1
);


--
-- Name: django_session; Type: TABLE; Schema: public; Owner: postgres
--

CREATE TABLE public.django_session (
    session_key character varying(40) NOT NULL,
    session_data text NOT NULL,
    expire_date timestamp with time zone NOT NULL
);


ALTER TABLE public.django_session OWNER TO postgres;

--
-- Data for Name: accounts_activitylog; Type: TABLE DATA; Schema: public; Owner: postgres
--

COPY public.accounts_activitylog (id, action, ip_address, "timestamp", user_id, user_agent, username_attempt) FROM stdin;
1	login	171.239.157.143	2026-05-13 12:40:18.116872+07	\N	Mozilla/5.0 (Windows NT 10.0; Win64; x64) AppleWebKit/537.36 (KHTML, like Gecko) Chrome/146.0.0.0 Safari/537.36	admin
\.


--
-- Data for Name: accounts_emailotp; Type: TABLE DATA; Schema: public; Owner: postgres
--

COPY public.accounts_emailotp (id, otp_code, created_at, is_used, user_id, otp_hash, action, email_sent, ip_address, is_active, used_at) FROM stdin;
\.


--
-- Data for Name: accounts_loginhistory; Type: TABLE DATA; Schema: public; Owner: postgres
--

COPY public.accounts_loginhistory (id, ip, device, "time", status, user_id) FROM stdin;
1	127.0.0.1	Mozilla/5.0 (Windows NT 10.0; Win64; x64) AppleWebKit/537.36 (KHTML, like Gecko) Chrome/146.0.0.0 Safari/537.36	2026-05-13 12:40:18.112871+07	success	1
2	127.0.0.1	Mozilla/5.0 (Windows NT 10.0; Win64; x64) AppleWebKit/537.36 (KHTML, like Gecko) Chrome/146.0.0.0 Safari/537.36	2026-05-13 12:42:57.528526+07	success	1
\.


--
-- Data for Name: accounts_otp; Type: TABLE DATA; Schema: public; Owner: postgres
--

COPY public.accounts_otp (id, code, created_at, user_id) FROM stdin;
\.


--
-- Data for Name: accounts_pendingregistration; Type: TABLE DATA; Schema: public; Owner: postgres
--

COPY public.accounts_pendingregistration (id, email, otp_code, created_at, is_used, temp_data) FROM stdin;
\.


--
-- Data for Name: accounts_remoteauthrequest; Type: TABLE DATA; Schema: public; Owner: postgres
--

COPY public.accounts_remoteauthrequest (id, session_key, device_info, status, created_at, user_id) FROM stdin;
\.


--
-- Data for Name: accounts_trusteddevice; Type: TABLE DATA; Schema: public; Owner: postgres
--

COPY public.accounts_trusteddevice (id, device_id, name, user_agent, ip_address, last_seen, is_active, user_id, session_key) FROM stdin;
2	2aeac6c6-27d9-458e-88be-67671b7618dc	💻 Desktop - Chrome	Mozilla/5.0 (Windows NT 10.0; Win64; x64) AppleWebKit/537.36 (KHTML, like Gecko) Chrome/146.0.0.0 Safari/537.36	127.0.0.1	2026-05-13 12:50:45.553566+07	t	1	7qpbgzu7n10pvhro2n7fpbx4oouj5hri
1	d0eeec7e-fca7-49f6-9808-f9b495668313	💻 Desktop - Chrome	Mozilla/5.0 (Windows NT 10.0; Win64; x64) AppleWebKit/537.36 (KHTML, like Gecko) Chrome/146.0.0.0 Safari/537.36	127.0.0.1	2026-05-13 12:59:44.267421+07	t	1	l9sdmcmes9ys02p4ihv67kj8fauneggb
\.


--
-- Data for Name: accounts_user2fa; Type: TABLE DATA; Schema: public; Owner: postgres
--

COPY public.accounts_user2fa (id, email_otp_enabled, google_auth_enabled, google_secret, force_disable_2fa, user_id, is_required) FROM stdin;
\.


--
-- Data for Name: accounts_userpasskey; Type: TABLE DATA; Schema: public; Owner: postgres
--

COPY public.accounts_userpasskey (id, credential_id, public_key, sign_count, created_at, user_id) FROM stdin;
\.


--
-- Data for Name: accounts_userprofile; Type: TABLE DATA; Schema: public; Owner: postgres
--

COPY public.accounts_userprofile (id, middle_name, phone_number, otp_secret, has_app_otp, has_email_otp, email_otp, otp_expiry, user_id, fido2_credential, has_fido2) FROM stdin;
1			\N	f	f	\N	\N	1	\N	f
\.


--
-- Data for Name: accounts_usersessioncontrol; Type: TABLE DATA; Schema: public; Owner: postgres
--

COPY public.accounts_usersessioncontrol (id, force_logout, user_id) FROM stdin;
\.


--
-- Data for Name: auth_group; Type: TABLE DATA; Schema: public; Owner: postgres
--

COPY public.auth_group (id, name) FROM stdin;
\.


--
-- Data for Name: auth_group_permissions; Type: TABLE DATA; Schema: public; Owner: postgres
--

COPY public.auth_group_permissions (id, group_id, permission_id) FROM stdin;
\.


--
-- Data for Name: auth_permission; Type: TABLE DATA; Schema: public; Owner: postgres
--

COPY public.auth_permission (id, name, content_type_id, codename) FROM stdin;
1	Can add log entry	1	add_logentry
2	Can change log entry	1	change_logentry
3	Can delete log entry	1	delete_logentry
4	Can view log entry	1	view_logentry
5	Can add permission	3	add_permission
6	Can change permission	3	change_permission
7	Can delete permission	3	delete_permission
8	Can view permission	3	view_permission
9	Can add group	2	add_group
10	Can change group	2	change_group
11	Can delete group	2	delete_group
12	Can view group	2	view_group
13	Can add user	4	add_user
14	Can change user	4	change_user
15	Can delete user	4	delete_user
16	Can view user	4	view_user
17	Can add content type	5	add_contenttype
18	Can change content type	5	change_contenttype
19	Can delete content type	5	delete_contenttype
20	Can view content type	5	view_contenttype
21	Can add session	6	add_session
22	Can change session	6	change_session
23	Can delete session	6	delete_session
24	Can view session	6	view_session
25	Can add pending registration	11	add_pendingregistration
26	Can change pending registration	11	change_pendingregistration
27	Can delete pending registration	11	delete_pendingregistration
28	Can view pending registration	11	view_pendingregistration
29	Can add Email OTP Log	8	add_emailotp
30	Can change Email OTP Log	8	change_emailotp
31	Can delete Email OTP Log	8	delete_emailotp
32	Can view Email OTP Log	8	view_emailotp
33	Can add user profile	16	add_userprofile
34	Can change user profile	16	change_userprofile
35	Can delete user profile	16	delete_userprofile
36	Can view user profile	16	view_userprofile
37	Can add activity log	7	add_activitylog
38	Can change activity log	7	change_activitylog
39	Can delete activity log	7	delete_activitylog
40	Can view activity log	7	view_activitylog
41	Can add trusted device	13	add_trusteddevice
42	Can change trusted device	13	change_trusteddevice
43	Can delete trusted device	13	delete_trusteddevice
44	Can view trusted device	13	view_trusteddevice
45	Can add login history	9	add_loginhistory
46	Can change login history	9	change_loginhistory
47	Can delete login history	9	delete_loginhistory
48	Can view login history	9	view_loginhistory
49	Can add user2fa	14	add_user2fa
50	Can change user2fa	14	change_user2fa
51	Can delete user2fa	14	delete_user2fa
52	Can view user2fa	14	view_user2fa
53	Can add user session control	17	add_usersessioncontrol
54	Can change user session control	17	change_usersessioncontrol
55	Can delete user session control	17	delete_usersessioncontrol
56	Can view user session control	17	view_usersessioncontrol
57	Can add remote auth request	12	add_remoteauthrequest
58	Can change remote auth request	12	change_remoteauthrequest
59	Can delete remote auth request	12	delete_remoteauthrequest
60	Can view remote auth request	12	view_remoteauthrequest
61	Can add user passkey	15	add_userpasskey
62	Can change user passkey	15	change_userpasskey
63	Can delete user passkey	15	delete_userpasskey
64	Can view user passkey	15	view_userpasskey
65	Can add otp	10	add_otp
66	Can change otp	10	change_otp
67	Can delete otp	10	delete_otp
68	Can view otp	10	view_otp
\.


--
-- Data for Name: auth_user; Type: TABLE DATA; Schema: public; Owner: postgres
--

COPY public.auth_user (id, password, last_login, is_superuser, username, first_name, last_name, email, is_staff, is_active, date_joined) FROM stdin;
1	pbkdf2_sha256$1200000$XvlXTstLarnDGFajJEqxqS$wh8kMP/ioFQbjcST8BHU85AdijgViTRbVmLPY9oPr/c=	2026-05-13 12:42:57.530027+07	t	admin				t	t	2026-05-13 12:36:08.388568+07
\.


--
-- Data for Name: auth_user_groups; Type: TABLE DATA; Schema: public; Owner: postgres
--

COPY public.auth_user_groups (id, user_id, group_id) FROM stdin;
\.


--
-- Data for Name: auth_user_user_permissions; Type: TABLE DATA; Schema: public; Owner: postgres
--

COPY public.auth_user_user_permissions (id, user_id, permission_id) FROM stdin;
\.


--
-- Data for Name: django_admin_log; Type: TABLE DATA; Schema: public; Owner: postgres
--

COPY public.django_admin_log (id, action_time, object_id, object_repr, action_flag, change_message, content_type_id, user_id) FROM stdin;
\.


--
-- Data for Name: django_content_type; Type: TABLE DATA; Schema: public; Owner: postgres
--

COPY public.django_content_type (id, app_label, model) FROM stdin;
1	admin	logentry
2	auth	group
3	auth	permission
4	auth	user
5	contenttypes	contenttype
6	sessions	session
7	accounts	activitylog
8	accounts	emailotp
9	accounts	loginhistory
10	accounts	otp
11	accounts	pendingregistration
12	accounts	remoteauthrequest
13	accounts	trusteddevice
14	accounts	user2fa
15	accounts	userpasskey
16	accounts	userprofile
17	accounts	usersessioncontrol
\.


--
-- Data for Name: django_migrations; Type: TABLE DATA; Schema: public; Owner: postgres
--

COPY public.django_migrations (id, app, name, applied) FROM stdin;
1	contenttypes	0001_initial	2026-05-13 12:33:56.331738+07
2	auth	0001_initial	2026-05-13 12:33:56.413+07
3	accounts	0001_initial	2026-05-13 12:33:56.467683+07
4	accounts	0002_activitylog	2026-05-13 12:33:56.486201+07
5	accounts	0003_alter_activitylog_options_activitylog_user_agent_and_more	2026-05-13 12:33:56.538524+07
6	accounts	0004_userprofile_fido2_credential_userprofile_has_fido2	2026-05-13 12:33:56.552523+07
7	accounts	0005_trusteddevice	2026-05-13 12:33:56.568842+07
8	accounts	0006_trusteddevice_session_key_loginhistory_user2fa_and_more	2026-05-13 12:33:56.623197+07
9	accounts	0007_remoteauthrequest	2026-05-13 12:33:56.636196+07
10	accounts	0008_userpasskey	2026-05-13 12:33:56.655999+07
11	accounts	0009_alter_user2fa_user	2026-05-13 12:33:56.666015+07
12	accounts	0010_user2fa_is_required	2026-05-13 12:33:56.677398+07
13	accounts	0011_alter_activitylog_options_and_more	2026-05-13 12:33:56.713701+07
14	accounts	0012_alter_userprofile_otp_secret	2026-05-13 12:33:56.723206+07
15	accounts	0013_alter_emailotp_user	2026-05-13 12:33:56.741811+07
16	accounts	0014_emailotp_otp_hash	2026-05-13 12:33:56.749916+07
17	accounts	0015_alter_userprofile_otp_secret	2026-05-13 12:33:56.761693+07
18	accounts	0016_delete_otp	2026-05-13 12:33:56.763692+07
19	accounts	0017_alter_emailotp_options_emailotp_action_and_more	2026-05-13 12:33:56.881134+07
20	admin	0001_initial	2026-05-13 12:33:56.900534+07
21	admin	0002_logentry_remove_auto_add	2026-05-13 12:33:56.914236+07
22	admin	0003_logentry_add_action_flag_choices	2026-05-13 12:33:56.924554+07
23	contenttypes	0002_remove_content_type_name	2026-05-13 12:33:56.944113+07
24	auth	0002_alter_permission_name_max_length	2026-05-13 12:33:56.958632+07
25	auth	0003_alter_user_email_max_length	2026-05-13 12:33:56.976374+07
26	auth	0004_alter_user_username_opts	2026-05-13 12:33:56.988615+07
27	auth	0005_alter_user_last_login_null	2026-05-13 12:33:57.002046+07
28	auth	0006_require_contenttypes_0002	2026-05-13 12:33:57.006089+07
29	auth	0007_alter_validators_add_error_messages	2026-05-13 12:33:57.016739+07
30	auth	0008_alter_user_username_max_length	2026-05-13 12:33:57.034393+07
31	auth	0009_alter_user_last_name_max_length	2026-05-13 12:33:57.046516+07
32	auth	0010_alter_group_name_max_length	2026-05-13 12:33:57.060778+07
33	auth	0011_update_proxy_permissions	2026-05-13 12:33:57.070712+07
34	auth	0012_alter_user_first_name_max_length	2026-05-13 12:33:57.083612+07
35	sessions	0001_initial	2026-05-13 12:33:57.091101+07
\.


--
-- Data for Name: django_session; Type: TABLE DATA; Schema: public; Owner: postgres
--

COPY public.django_session (session_key, session_data, expire_date) FROM stdin;
l9sdmcmes9ys02p4ihv67kj8fauneggb	.eJxVjMEOwiAQRP-FsyEsBaQevfsNZJcFqRpISnsy_rtt0oNmbvPezFsEXJcS1p7mMLG4CBCn344wPlPdAT-w3puMrS7zRHJX5EG7vDVOr-vh_h0U7GVbK-M5Iw7e0QgGjNPDmaNy2g60JcPIlK1yrKLLHCOzRwVogawlr0F8vtpUN-Q:1wN2KQ:YOsFQGt_CxgY-734HCE0zEXb8X7zupraQH0cuGEq0ac	2026-05-27 12:40:18.125873+07
7qpbgzu7n10pvhro2n7fpbx4oouj5hri	.eJxVjMEOwiAQRP-FsyEsBaQevfsNZJcFqRpISnsy_rtt0oNmbvPezFsEXJcS1p7mMLG4CBCn344wPlPdAT-w3puMrS7zRHJX5EG7vDVOr-vh_h0U7GVbK-M5Iw7e0QgGjNPDmaNy2g60JcPIlK1yrKLLHCOzRwVogawlr0F8vtpUN-Q:1wN2Mz:uOxn4Kd2ME0tSXCB9uYxtHMJT8Af5OUFtmD9P-0csUU	2026-05-27 12:42:57.533032+07
\.


--
-- Name: accounts_activitylog_id_seq; Type: SEQUENCE SET; Schema: public; Owner: postgres
--

SELECT pg_catalog.setval('public.accounts_activitylog_id_seq', 1, true);


--
-- Name: accounts_emailotp_id_seq; Type: SEQUENCE SET; Schema: public; Owner: postgres
--

SELECT pg_catalog.setval('public.accounts_emailotp_id_seq', 1, false);


--
-- Name: accounts_loginhistory_id_seq; Type: SEQUENCE SET; Schema: public; Owner: postgres
--

SELECT pg_catalog.setval('public.accounts_loginhistory_id_seq', 2, true);


--
-- Name: accounts_otp_id_seq; Type: SEQUENCE SET; Schema: public; Owner: postgres
--

SELECT pg_catalog.setval('public.accounts_otp_id_seq', 1, false);


--
-- Name: accounts_pendingregistration_id_seq; Type: SEQUENCE SET; Schema: public; Owner: postgres
--

SELECT pg_catalog.setval('public.accounts_pendingregistration_id_seq', 1, false);


--
-- Name: accounts_remoteauthrequest_id_seq; Type: SEQUENCE SET; Schema: public; Owner: postgres
--

SELECT pg_catalog.setval('public.accounts_remoteauthrequest_id_seq', 1, false);


--
-- Name: accounts_trusteddevice_id_seq; Type: SEQUENCE SET; Schema: public; Owner: postgres
--

SELECT pg_catalog.setval('public.accounts_trusteddevice_id_seq', 2, true);


--
-- Name: accounts_user2fa_id_seq; Type: SEQUENCE SET; Schema: public; Owner: postgres
--

SELECT pg_catalog.setval('public.accounts_user2fa_id_seq', 1, false);


--
-- Name: accounts_userpasskey_id_seq; Type: SEQUENCE SET; Schema: public; Owner: postgres
--

SELECT pg_catalog.setval('public.accounts_userpasskey_id_seq', 1, false);


--
-- Name: accounts_userprofile_id_seq; Type: SEQUENCE SET; Schema: public; Owner: postgres
--

SELECT pg_catalog.setval('public.accounts_userprofile_id_seq', 1, true);


--
-- Name: accounts_usersessioncontrol_id_seq; Type: SEQUENCE SET; Schema: public; Owner: postgres
--

SELECT pg_catalog.setval('public.accounts_usersessioncontrol_id_seq', 1, false);


--
-- Name: auth_group_id_seq; Type: SEQUENCE SET; Schema: public; Owner: postgres
--

SELECT pg_catalog.setval('public.auth_group_id_seq', 1, false);


--
-- Name: auth_group_permissions_id_seq; Type: SEQUENCE SET; Schema: public; Owner: postgres
--

SELECT pg_catalog.setval('public.auth_group_permissions_id_seq', 1, false);


--
-- Name: auth_permission_id_seq; Type: SEQUENCE SET; Schema: public; Owner: postgres
--

SELECT pg_catalog.setval('public.auth_permission_id_seq', 68, true);


--
-- Name: auth_user_groups_id_seq; Type: SEQUENCE SET; Schema: public; Owner: postgres
--

SELECT pg_catalog.setval('public.auth_user_groups_id_seq', 1, false);


--
-- Name: auth_user_id_seq; Type: SEQUENCE SET; Schema: public; Owner: postgres
--

SELECT pg_catalog.setval('public.auth_user_id_seq', 1, true);


--
-- Name: auth_user_user_permissions_id_seq; Type: SEQUENCE SET; Schema: public; Owner: postgres
--

SELECT pg_catalog.setval('public.auth_user_user_permissions_id_seq', 1, false);


--
-- Name: django_admin_log_id_seq; Type: SEQUENCE SET; Schema: public; Owner: postgres
--

SELECT pg_catalog.setval('public.django_admin_log_id_seq', 1, false);


--
-- Name: django_content_type_id_seq; Type: SEQUENCE SET; Schema: public; Owner: postgres
--

SELECT pg_catalog.setval('public.django_content_type_id_seq', 17, true);


--
-- Name: django_migrations_id_seq; Type: SEQUENCE SET; Schema: public; Owner: postgres
--

SELECT pg_catalog.setval('public.django_migrations_id_seq', 35, true);


--
-- Name: accounts_activitylog accounts_activitylog_pkey; Type: CONSTRAINT; Schema: public; Owner: postgres
--

ALTER TABLE ONLY public.accounts_activitylog
    ADD CONSTRAINT accounts_activitylog_pkey PRIMARY KEY (id);


--
-- Name: accounts_emailotp accounts_emailotp_pkey; Type: CONSTRAINT; Schema: public; Owner: postgres
--

ALTER TABLE ONLY public.accounts_emailotp
    ADD CONSTRAINT accounts_emailotp_pkey PRIMARY KEY (id);


--
-- Name: accounts_loginhistory accounts_loginhistory_pkey; Type: CONSTRAINT; Schema: public; Owner: postgres
--

ALTER TABLE ONLY public.accounts_loginhistory
    ADD CONSTRAINT accounts_loginhistory_pkey PRIMARY KEY (id);


--
-- Name: accounts_otp accounts_otp_pkey; Type: CONSTRAINT; Schema: public; Owner: postgres
--

ALTER TABLE ONLY public.accounts_otp
    ADD CONSTRAINT accounts_otp_pkey PRIMARY KEY (id);


--
-- Name: accounts_pendingregistration accounts_pendingregistration_email_key; Type: CONSTRAINT; Schema: public; Owner: postgres
--

ALTER TABLE ONLY public.accounts_pendingregistration
    ADD CONSTRAINT accounts_pendingregistration_email_key UNIQUE (email);


--
-- Name: accounts_pendingregistration accounts_pendingregistration_pkey; Type: CONSTRAINT; Schema: public; Owner: postgres
--

ALTER TABLE ONLY public.accounts_pendingregistration
    ADD CONSTRAINT accounts_pendingregistration_pkey PRIMARY KEY (id);


--
-- Name: accounts_remoteauthrequest accounts_remoteauthrequest_pkey; Type: CONSTRAINT; Schema: public; Owner: postgres
--

ALTER TABLE ONLY public.accounts_remoteauthrequest
    ADD CONSTRAINT accounts_remoteauthrequest_pkey PRIMARY KEY (id);


--
-- Name: accounts_trusteddevice accounts_trusteddevice_device_id_key; Type: CONSTRAINT; Schema: public; Owner: postgres
--

ALTER TABLE ONLY public.accounts_trusteddevice
    ADD CONSTRAINT accounts_trusteddevice_device_id_key UNIQUE (device_id);


--
-- Name: accounts_trusteddevice accounts_trusteddevice_pkey; Type: CONSTRAINT; Schema: public; Owner: postgres
--

ALTER TABLE ONLY public.accounts_trusteddevice
    ADD CONSTRAINT accounts_trusteddevice_pkey PRIMARY KEY (id);


--
-- Name: accounts_user2fa accounts_user2fa_pkey; Type: CONSTRAINT; Schema: public; Owner: postgres
--

ALTER TABLE ONLY public.accounts_user2fa
    ADD CONSTRAINT accounts_user2fa_pkey PRIMARY KEY (id);


--
-- Name: accounts_user2fa accounts_user2fa_user_id_key; Type: CONSTRAINT; Schema: public; Owner: postgres
--

ALTER TABLE ONLY public.accounts_user2fa
    ADD CONSTRAINT accounts_user2fa_user_id_key UNIQUE (user_id);


--
-- Name: accounts_userpasskey accounts_userpasskey_credential_id_key; Type: CONSTRAINT; Schema: public; Owner: postgres
--

ALTER TABLE ONLY public.accounts_userpasskey
    ADD CONSTRAINT accounts_userpasskey_credential_id_key UNIQUE (credential_id);


--
-- Name: accounts_userpasskey accounts_userpasskey_pkey; Type: CONSTRAINT; Schema: public; Owner: postgres
--

ALTER TABLE ONLY public.accounts_userpasskey
    ADD CONSTRAINT accounts_userpasskey_pkey PRIMARY KEY (id);


--
-- Name: accounts_userprofile accounts_userprofile_pkey; Type: CONSTRAINT; Schema: public; Owner: postgres
--

ALTER TABLE ONLY public.accounts_userprofile
    ADD CONSTRAINT accounts_userprofile_pkey PRIMARY KEY (id);


--
-- Name: accounts_userprofile accounts_userprofile_user_id_key; Type: CONSTRAINT; Schema: public; Owner: postgres
--

ALTER TABLE ONLY public.accounts_userprofile
    ADD CONSTRAINT accounts_userprofile_user_id_key UNIQUE (user_id);


--
-- Name: accounts_usersessioncontrol accounts_usersessioncontrol_pkey; Type: CONSTRAINT; Schema: public; Owner: postgres
--

ALTER TABLE ONLY public.accounts_usersessioncontrol
    ADD CONSTRAINT accounts_usersessioncontrol_pkey PRIMARY KEY (id);


--
-- Name: accounts_usersessioncontrol accounts_usersessioncontrol_user_id_key; Type: CONSTRAINT; Schema: public; Owner: postgres
--

ALTER TABLE ONLY public.accounts_usersessioncontrol
    ADD CONSTRAINT accounts_usersessioncontrol_user_id_key UNIQUE (user_id);


--
-- Name: auth_group auth_group_name_key; Type: CONSTRAINT; Schema: public; Owner: postgres
--

ALTER TABLE ONLY public.auth_group
    ADD CONSTRAINT auth_group_name_key UNIQUE (name);


--
-- Name: auth_group_permissions auth_group_permissions_group_id_permission_id_0cd325b0_uniq; Type: CONSTRAINT; Schema: public; Owner: postgres
--

ALTER TABLE ONLY public.auth_group_permissions
    ADD CONSTRAINT auth_group_permissions_group_id_permission_id_0cd325b0_uniq UNIQUE (group_id, permission_id);


--
-- Name: auth_group_permissions auth_group_permissions_pkey; Type: CONSTRAINT; Schema: public; Owner: postgres
--

ALTER TABLE ONLY public.auth_group_permissions
    ADD CONSTRAINT auth_group_permissions_pkey PRIMARY KEY (id);


--
-- Name: auth_group auth_group_pkey; Type: CONSTRAINT; Schema: public; Owner: postgres
--

ALTER TABLE ONLY public.auth_group
    ADD CONSTRAINT auth_group_pkey PRIMARY KEY (id);


--
-- Name: auth_permission auth_permission_content_type_id_codename_01ab375a_uniq; Type: CONSTRAINT; Schema: public; Owner: postgres
--

ALTER TABLE ONLY public.auth_permission
    ADD CONSTRAINT auth_permission_content_type_id_codename_01ab375a_uniq UNIQUE (content_type_id, codename);


--
-- Name: auth_permission auth_permission_pkey; Type: CONSTRAINT; Schema: public; Owner: postgres
--

ALTER TABLE ONLY public.auth_permission
    ADD CONSTRAINT auth_permission_pkey PRIMARY KEY (id);


--
-- Name: auth_user_groups auth_user_groups_pkey; Type: CONSTRAINT; Schema: public; Owner: postgres
--

ALTER TABLE ONLY public.auth_user_groups
    ADD CONSTRAINT auth_user_groups_pkey PRIMARY KEY (id);


--
-- Name: auth_user_groups auth_user_groups_user_id_group_id_94350c0c_uniq; Type: CONSTRAINT; Schema: public; Owner: postgres
--

ALTER TABLE ONLY public.auth_user_groups
    ADD CONSTRAINT auth_user_groups_user_id_group_id_94350c0c_uniq UNIQUE (user_id, group_id);


--
-- Name: auth_user auth_user_pkey; Type: CONSTRAINT; Schema: public; Owner: postgres
--

ALTER TABLE ONLY public.auth_user
    ADD CONSTRAINT auth_user_pkey PRIMARY KEY (id);


--
-- Name: auth_user_user_permissions auth_user_user_permissions_pkey; Type: CONSTRAINT; Schema: public; Owner: postgres
--

ALTER TABLE ONLY public.auth_user_user_permissions
    ADD CONSTRAINT auth_user_user_permissions_pkey PRIMARY KEY (id);


--
-- Name: auth_user_user_permissions auth_user_user_permissions_user_id_permission_id_14a6b632_uniq; Type: CONSTRAINT; Schema: public; Owner: postgres
--

ALTER TABLE ONLY public.auth_user_user_permissions
    ADD CONSTRAINT auth_user_user_permissions_user_id_permission_id_14a6b632_uniq UNIQUE (user_id, permission_id);


--
-- Name: auth_user auth_user_username_key; Type: CONSTRAINT; Schema: public; Owner: postgres
--

ALTER TABLE ONLY public.auth_user
    ADD CONSTRAINT auth_user_username_key UNIQUE (username);


--
-- Name: django_admin_log django_admin_log_pkey; Type: CONSTRAINT; Schema: public; Owner: postgres
--

ALTER TABLE ONLY public.django_admin_log
    ADD CONSTRAINT django_admin_log_pkey PRIMARY KEY (id);


--
-- Name: django_content_type django_content_type_app_label_model_76bd3d3b_uniq; Type: CONSTRAINT; Schema: public; Owner: postgres
--

ALTER TABLE ONLY public.django_content_type
    ADD CONSTRAINT django_content_type_app_label_model_76bd3d3b_uniq UNIQUE (app_label, model);


--
-- Name: django_content_type django_content_type_pkey; Type: CONSTRAINT; Schema: public; Owner: postgres
--

ALTER TABLE ONLY public.django_content_type
    ADD CONSTRAINT django_content_type_pkey PRIMARY KEY (id);


--
-- Name: django_migrations django_migrations_pkey; Type: CONSTRAINT; Schema: public; Owner: postgres
--

ALTER TABLE ONLY public.django_migrations
    ADD CONSTRAINT django_migrations_pkey PRIMARY KEY (id);


--
-- Name: django_session django_session_pkey; Type: CONSTRAINT; Schema: public; Owner: postgres
--

ALTER TABLE ONLY public.django_session
    ADD CONSTRAINT django_session_pkey PRIMARY KEY (session_key);


--
-- Name: accounts_activitylog_user_id_2d7b43c7; Type: INDEX; Schema: public; Owner: postgres
--

CREATE INDEX accounts_activitylog_user_id_2d7b43c7 ON public.accounts_activitylog USING btree (user_id);


--
-- Name: accounts_emailotp_user_id_137ae83b; Type: INDEX; Schema: public; Owner: postgres
--

CREATE INDEX accounts_emailotp_user_id_137ae83b ON public.accounts_emailotp USING btree (user_id);


--
-- Name: accounts_loginhistory_user_id_70caa10d; Type: INDEX; Schema: public; Owner: postgres
--

CREATE INDEX accounts_loginhistory_user_id_70caa10d ON public.accounts_loginhistory USING btree (user_id);


--
-- Name: accounts_otp_user_id_7275536e; Type: INDEX; Schema: public; Owner: postgres
--

CREATE INDEX accounts_otp_user_id_7275536e ON public.accounts_otp USING btree (user_id);


--
-- Name: accounts_pendingregistration_email_19fe7124_like; Type: INDEX; Schema: public; Owner: postgres
--

CREATE INDEX accounts_pendingregistration_email_19fe7124_like ON public.accounts_pendingregistration USING btree (email varchar_pattern_ops);


--
-- Name: accounts_remoteauthrequest_user_id_79b4ed0b; Type: INDEX; Schema: public; Owner: postgres
--

CREATE INDEX accounts_remoteauthrequest_user_id_79b4ed0b ON public.accounts_remoteauthrequest USING btree (user_id);


--
-- Name: accounts_trusteddevice_user_id_8c4d0cdf; Type: INDEX; Schema: public; Owner: postgres
--

CREATE INDEX accounts_trusteddevice_user_id_8c4d0cdf ON public.accounts_trusteddevice USING btree (user_id);


--
-- Name: accounts_userpasskey_credential_id_89cdddf5_like; Type: INDEX; Schema: public; Owner: postgres
--

CREATE INDEX accounts_userpasskey_credential_id_89cdddf5_like ON public.accounts_userpasskey USING btree (credential_id varchar_pattern_ops);


--
-- Name: accounts_userpasskey_user_id_388b02bd; Type: INDEX; Schema: public; Owner: postgres
--

CREATE INDEX accounts_userpasskey_user_id_388b02bd ON public.accounts_userpasskey USING btree (user_id);


--
-- Name: auth_group_name_a6ea08ec_like; Type: INDEX; Schema: public; Owner: postgres
--

CREATE INDEX auth_group_name_a6ea08ec_like ON public.auth_group USING btree (name varchar_pattern_ops);


--
-- Name: auth_group_permissions_group_id_b120cbf9; Type: INDEX; Schema: public; Owner: postgres
--

CREATE INDEX auth_group_permissions_group_id_b120cbf9 ON public.auth_group_permissions USING btree (group_id);


--
-- Name: auth_group_permissions_permission_id_84c5c92e; Type: INDEX; Schema: public; Owner: postgres
--

CREATE INDEX auth_group_permissions_permission_id_84c5c92e ON public.auth_group_permissions USING btree (permission_id);


--
-- Name: auth_permission_content_type_id_2f476e4b; Type: INDEX; Schema: public; Owner: postgres
--

CREATE INDEX auth_permission_content_type_id_2f476e4b ON public.auth_permission USING btree (content_type_id);


--
-- Name: auth_user_groups_group_id_97559544; Type: INDEX; Schema: public; Owner: postgres
--

CREATE INDEX auth_user_groups_group_id_97559544 ON public.auth_user_groups USING btree (group_id);


--
-- Name: auth_user_groups_user_id_6a12ed8b; Type: INDEX; Schema: public; Owner: postgres
--

CREATE INDEX auth_user_groups_user_id_6a12ed8b ON public.auth_user_groups USING btree (user_id);


--
-- Name: auth_user_user_permissions_permission_id_1fbb5f2c; Type: INDEX; Schema: public; Owner: postgres
--

CREATE INDEX auth_user_user_permissions_permission_id_1fbb5f2c ON public.auth_user_user_permissions USING btree (permission_id);


--
-- Name: auth_user_user_permissions_user_id_a95ead1b; Type: INDEX; Schema: public; Owner: postgres
--

CREATE INDEX auth_user_user_permissions_user_id_a95ead1b ON public.auth_user_user_permissions USING btree (user_id);


--
-- Name: auth_user_username_6821ab7c_like; Type: INDEX; Schema: public; Owner: postgres
--

CREATE INDEX auth_user_username_6821ab7c_like ON public.auth_user USING btree (username varchar_pattern_ops);


--
-- Name: django_admin_log_content_type_id_c4bce8eb; Type: INDEX; Schema: public; Owner: postgres
--

CREATE INDEX django_admin_log_content_type_id_c4bce8eb ON public.django_admin_log USING btree (content_type_id);


--
-- Name: django_admin_log_user_id_c564eba6; Type: INDEX; Schema: public; Owner: postgres
--

CREATE INDEX django_admin_log_user_id_c564eba6 ON public.django_admin_log USING btree (user_id);


--
-- Name: django_session_expire_date_a5c62663; Type: INDEX; Schema: public; Owner: postgres
--

CREATE INDEX django_session_expire_date_a5c62663 ON public.django_session USING btree (expire_date);


--
-- Name: django_session_session_key_c0390e0f_like; Type: INDEX; Schema: public; Owner: postgres
--

CREATE INDEX django_session_session_key_c0390e0f_like ON public.django_session USING btree (session_key varchar_pattern_ops);


--
-- Name: accounts_activitylog accounts_activitylog_user_id_2d7b43c7_fk_auth_user_id; Type: FK CONSTRAINT; Schema: public; Owner: postgres
--

ALTER TABLE ONLY public.accounts_activitylog
    ADD CONSTRAINT accounts_activitylog_user_id_2d7b43c7_fk_auth_user_id FOREIGN KEY (user_id) REFERENCES public.auth_user(id) DEFERRABLE INITIALLY DEFERRED;


--
-- Name: accounts_emailotp accounts_emailotp_user_id_137ae83b_fk_auth_user_id; Type: FK CONSTRAINT; Schema: public; Owner: postgres
--

ALTER TABLE ONLY public.accounts_emailotp
    ADD CONSTRAINT accounts_emailotp_user_id_137ae83b_fk_auth_user_id FOREIGN KEY (user_id) REFERENCES public.auth_user(id) DEFERRABLE INITIALLY DEFERRED;


--
-- Name: accounts_loginhistory accounts_loginhistory_user_id_70caa10d_fk_auth_user_id; Type: FK CONSTRAINT; Schema: public; Owner: postgres
--

ALTER TABLE ONLY public.accounts_loginhistory
    ADD CONSTRAINT accounts_loginhistory_user_id_70caa10d_fk_auth_user_id FOREIGN KEY (user_id) REFERENCES public.auth_user(id) DEFERRABLE INITIALLY DEFERRED;


--
-- Name: accounts_otp accounts_otp_user_id_7275536e_fk_auth_user_id; Type: FK CONSTRAINT; Schema: public; Owner: postgres
--

ALTER TABLE ONLY public.accounts_otp
    ADD CONSTRAINT accounts_otp_user_id_7275536e_fk_auth_user_id FOREIGN KEY (user_id) REFERENCES public.auth_user(id) DEFERRABLE INITIALLY DEFERRED;


--
-- Name: accounts_remoteauthrequest accounts_remoteauthrequest_user_id_79b4ed0b_fk_auth_user_id; Type: FK CONSTRAINT; Schema: public; Owner: postgres
--

ALTER TABLE ONLY public.accounts_remoteauthrequest
    ADD CONSTRAINT accounts_remoteauthrequest_user_id_79b4ed0b_fk_auth_user_id FOREIGN KEY (user_id) REFERENCES public.auth_user(id) DEFERRABLE INITIALLY DEFERRED;


--
-- Name: accounts_trusteddevice accounts_trusteddevice_user_id_8c4d0cdf_fk_auth_user_id; Type: FK CONSTRAINT; Schema: public; Owner: postgres
--

ALTER TABLE ONLY public.accounts_trusteddevice
    ADD CONSTRAINT accounts_trusteddevice_user_id_8c4d0cdf_fk_auth_user_id FOREIGN KEY (user_id) REFERENCES public.auth_user(id) DEFERRABLE INITIALLY DEFERRED;


--
-- Name: accounts_user2fa accounts_user2fa_user_id_435c4c5d_fk_auth_user_id; Type: FK CONSTRAINT; Schema: public; Owner: postgres
--

ALTER TABLE ONLY public.accounts_user2fa
    ADD CONSTRAINT accounts_user2fa_user_id_435c4c5d_fk_auth_user_id FOREIGN KEY (user_id) REFERENCES public.auth_user(id) DEFERRABLE INITIALLY DEFERRED;


--
-- Name: accounts_userpasskey accounts_userpasskey_user_id_388b02bd_fk_auth_user_id; Type: FK CONSTRAINT; Schema: public; Owner: postgres
--

ALTER TABLE ONLY public.accounts_userpasskey
    ADD CONSTRAINT accounts_userpasskey_user_id_388b02bd_fk_auth_user_id FOREIGN KEY (user_id) REFERENCES public.auth_user(id) DEFERRABLE INITIALLY DEFERRED;


--
-- Name: accounts_userprofile accounts_userprofile_user_id_92240672_fk_auth_user_id; Type: FK CONSTRAINT; Schema: public; Owner: postgres
--

ALTER TABLE ONLY public.accounts_userprofile
    ADD CONSTRAINT accounts_userprofile_user_id_92240672_fk_auth_user_id FOREIGN KEY (user_id) REFERENCES public.auth_user(id) DEFERRABLE INITIALLY DEFERRED;


--
-- Name: accounts_usersessioncontrol accounts_usersessioncontrol_user_id_8abd3d73_fk_auth_user_id; Type: FK CONSTRAINT; Schema: public; Owner: postgres
--

ALTER TABLE ONLY public.accounts_usersessioncontrol
    ADD CONSTRAINT accounts_usersessioncontrol_user_id_8abd3d73_fk_auth_user_id FOREIGN KEY (user_id) REFERENCES public.auth_user(id) DEFERRABLE INITIALLY DEFERRED;


--
-- Name: auth_group_permissions auth_group_permissio_permission_id_84c5c92e_fk_auth_perm; Type: FK CONSTRAINT; Schema: public; Owner: postgres
--

ALTER TABLE ONLY public.auth_group_permissions
    ADD CONSTRAINT auth_group_permissio_permission_id_84c5c92e_fk_auth_perm FOREIGN KEY (permission_id) REFERENCES public.auth_permission(id) DEFERRABLE INITIALLY DEFERRED;


--
-- Name: auth_group_permissions auth_group_permissions_group_id_b120cbf9_fk_auth_group_id; Type: FK CONSTRAINT; Schema: public; Owner: postgres
--

ALTER TABLE ONLY public.auth_group_permissions
    ADD CONSTRAINT auth_group_permissions_group_id_b120cbf9_fk_auth_group_id FOREIGN KEY (group_id) REFERENCES public.auth_group(id) DEFERRABLE INITIALLY DEFERRED;


--
-- Name: auth_permission auth_permission_content_type_id_2f476e4b_fk_django_co; Type: FK CONSTRAINT; Schema: public; Owner: postgres
--

ALTER TABLE ONLY public.auth_permission
    ADD CONSTRAINT auth_permission_content_type_id_2f476e4b_fk_django_co FOREIGN KEY (content_type_id) REFERENCES public.django_content_type(id) DEFERRABLE INITIALLY DEFERRED;


--
-- Name: auth_user_groups auth_user_groups_group_id_97559544_fk_auth_group_id; Type: FK CONSTRAINT; Schema: public; Owner: postgres
--

ALTER TABLE ONLY public.auth_user_groups
    ADD CONSTRAINT auth_user_groups_group_id_97559544_fk_auth_group_id FOREIGN KEY (group_id) REFERENCES public.auth_group(id) DEFERRABLE INITIALLY DEFERRED;


--
-- Name: auth_user_groups auth_user_groups_user_id_6a12ed8b_fk_auth_user_id; Type: FK CONSTRAINT; Schema: public; Owner: postgres
--

ALTER TABLE ONLY public.auth_user_groups
    ADD CONSTRAINT auth_user_groups_user_id_6a12ed8b_fk_auth_user_id FOREIGN KEY (user_id) REFERENCES public.auth_user(id) DEFERRABLE INITIALLY DEFERRED;


--
-- Name: auth_user_user_permissions auth_user_user_permi_permission_id_1fbb5f2c_fk_auth_perm; Type: FK CONSTRAINT; Schema: public; Owner: postgres
--

ALTER TABLE ONLY public.auth_user_user_permissions
    ADD CONSTRAINT auth_user_user_permi_permission_id_1fbb5f2c_fk_auth_perm FOREIGN KEY (permission_id) REFERENCES public.auth_permission(id) DEFERRABLE INITIALLY DEFERRED;


--
-- Name: auth_user_user_permissions auth_user_user_permissions_user_id_a95ead1b_fk_auth_user_id; Type: FK CONSTRAINT; Schema: public; Owner: postgres
--

ALTER TABLE ONLY public.auth_user_user_permissions
    ADD CONSTRAINT auth_user_user_permissions_user_id_a95ead1b_fk_auth_user_id FOREIGN KEY (user_id) REFERENCES public.auth_user(id) DEFERRABLE INITIALLY DEFERRED;


--
-- Name: django_admin_log django_admin_log_content_type_id_c4bce8eb_fk_django_co; Type: FK CONSTRAINT; Schema: public; Owner: postgres
--

ALTER TABLE ONLY public.django_admin_log
    ADD CONSTRAINT django_admin_log_content_type_id_c4bce8eb_fk_django_co FOREIGN KEY (content_type_id) REFERENCES public.django_content_type(id) DEFERRABLE INITIALLY DEFERRED;


--
-- Name: django_admin_log django_admin_log_user_id_c564eba6_fk_auth_user_id; Type: FK CONSTRAINT; Schema: public; Owner: postgres
--

ALTER TABLE ONLY public.django_admin_log
    ADD CONSTRAINT django_admin_log_user_id_c564eba6_fk_auth_user_id FOREIGN KEY (user_id) REFERENCES public.auth_user(id) DEFERRABLE INITIALLY DEFERRED;


--
-- Name: TABLE accounts_activitylog; Type: ACL; Schema: public; Owner: postgres
--

GRANT ALL ON TABLE public.accounts_activitylog TO kieth;


--
-- Name: SEQUENCE accounts_activitylog_id_seq; Type: ACL; Schema: public; Owner: postgres
--

GRANT SELECT,USAGE ON SEQUENCE public.accounts_activitylog_id_seq TO kieth;


--
-- Name: TABLE accounts_emailotp; Type: ACL; Schema: public; Owner: postgres
--

GRANT ALL ON TABLE public.accounts_emailotp TO kieth;


--
-- Name: SEQUENCE accounts_emailotp_id_seq; Type: ACL; Schema: public; Owner: postgres
--

GRANT SELECT,USAGE ON SEQUENCE public.accounts_emailotp_id_seq TO kieth;


--
-- Name: TABLE accounts_loginhistory; Type: ACL; Schema: public; Owner: postgres
--

GRANT ALL ON TABLE public.accounts_loginhistory TO kieth;


--
-- Name: SEQUENCE accounts_loginhistory_id_seq; Type: ACL; Schema: public; Owner: postgres
--

GRANT SELECT,USAGE ON SEQUENCE public.accounts_loginhistory_id_seq TO kieth;


--
-- Name: TABLE accounts_otp; Type: ACL; Schema: public; Owner: postgres
--

GRANT ALL ON TABLE public.accounts_otp TO kieth;


--
-- Name: SEQUENCE accounts_otp_id_seq; Type: ACL; Schema: public; Owner: postgres
--

GRANT SELECT,USAGE ON SEQUENCE public.accounts_otp_id_seq TO kieth;


--
-- Name: TABLE accounts_pendingregistration; Type: ACL; Schema: public; Owner: postgres
--

GRANT ALL ON TABLE public.accounts_pendingregistration TO kieth;


--
-- Name: SEQUENCE accounts_pendingregistration_id_seq; Type: ACL; Schema: public; Owner: postgres
--

GRANT SELECT,USAGE ON SEQUENCE public.accounts_pendingregistration_id_seq TO kieth;


--
-- Name: TABLE accounts_remoteauthrequest; Type: ACL; Schema: public; Owner: postgres
--

GRANT ALL ON TABLE public.accounts_remoteauthrequest TO kieth;


--
-- Name: SEQUENCE accounts_remoteauthrequest_id_seq; Type: ACL; Schema: public; Owner: postgres
--

GRANT SELECT,USAGE ON SEQUENCE public.accounts_remoteauthrequest_id_seq TO kieth;


--
-- Name: TABLE accounts_trusteddevice; Type: ACL; Schema: public; Owner: postgres
--

GRANT ALL ON TABLE public.accounts_trusteddevice TO kieth;


--
-- Name: SEQUENCE accounts_trusteddevice_id_seq; Type: ACL; Schema: public; Owner: postgres
--

GRANT SELECT,USAGE ON SEQUENCE public.accounts_trusteddevice_id_seq TO kieth;


--
-- Name: TABLE accounts_user2fa; Type: ACL; Schema: public; Owner: postgres
--

GRANT ALL ON TABLE public.accounts_user2fa TO kieth;


--
-- Name: SEQUENCE accounts_user2fa_id_seq; Type: ACL; Schema: public; Owner: postgres
--

GRANT SELECT,USAGE ON SEQUENCE public.accounts_user2fa_id_seq TO kieth;


--
-- Name: TABLE accounts_userpasskey; Type: ACL; Schema: public; Owner: postgres
--

GRANT ALL ON TABLE public.accounts_userpasskey TO kieth;


--
-- Name: SEQUENCE accounts_userpasskey_id_seq; Type: ACL; Schema: public; Owner: postgres
--

GRANT SELECT,USAGE ON SEQUENCE public.accounts_userpasskey_id_seq TO kieth;


--
-- Name: TABLE accounts_userprofile; Type: ACL; Schema: public; Owner: postgres
--

GRANT ALL ON TABLE public.accounts_userprofile TO kieth;


--
-- Name: SEQUENCE accounts_userprofile_id_seq; Type: ACL; Schema: public; Owner: postgres
--

GRANT SELECT,USAGE ON SEQUENCE public.accounts_userprofile_id_seq TO kieth;


--
-- Name: TABLE accounts_usersessioncontrol; Type: ACL; Schema: public; Owner: postgres
--

GRANT ALL ON TABLE public.accounts_usersessioncontrol TO kieth;


--
-- Name: SEQUENCE accounts_usersessioncontrol_id_seq; Type: ACL; Schema: public; Owner: postgres
--

GRANT SELECT,USAGE ON SEQUENCE public.accounts_usersessioncontrol_id_seq TO kieth;


--
-- Name: TABLE auth_group; Type: ACL; Schema: public; Owner: postgres
--

GRANT ALL ON TABLE public.auth_group TO kieth;


--
-- Name: SEQUENCE auth_group_id_seq; Type: ACL; Schema: public; Owner: postgres
--

GRANT SELECT,USAGE ON SEQUENCE public.auth_group_id_seq TO kieth;


--
-- Name: TABLE auth_group_permissions; Type: ACL; Schema: public; Owner: postgres
--

GRANT ALL ON TABLE public.auth_group_permissions TO kieth;


--
-- Name: SEQUENCE auth_group_permissions_id_seq; Type: ACL; Schema: public; Owner: postgres
--

GRANT SELECT,USAGE ON SEQUENCE public.auth_group_permissions_id_seq TO kieth;


--
-- Name: TABLE auth_permission; Type: ACL; Schema: public; Owner: postgres
--

GRANT ALL ON TABLE public.auth_permission TO kieth;


--
-- Name: SEQUENCE auth_permission_id_seq; Type: ACL; Schema: public; Owner: postgres
--

GRANT SELECT,USAGE ON SEQUENCE public.auth_permission_id_seq TO kieth;


--
-- Name: TABLE auth_user; Type: ACL; Schema: public; Owner: postgres
--

GRANT ALL ON TABLE public.auth_user TO kieth;


--
-- Name: TABLE auth_user_groups; Type: ACL; Schema: public; Owner: postgres
--

GRANT ALL ON TABLE public.auth_user_groups TO kieth;


--
-- Name: SEQUENCE auth_user_groups_id_seq; Type: ACL; Schema: public; Owner: postgres
--

GRANT SELECT,USAGE ON SEQUENCE public.auth_user_groups_id_seq TO kieth;


--
-- Name: SEQUENCE auth_user_id_seq; Type: ACL; Schema: public; Owner: postgres
--

GRANT SELECT,USAGE ON SEQUENCE public.auth_user_id_seq TO kieth;


--
-- Name: TABLE auth_user_user_permissions; Type: ACL; Schema: public; Owner: postgres
--

GRANT ALL ON TABLE public.auth_user_user_permissions TO kieth;


--
-- Name: SEQUENCE auth_user_user_permissions_id_seq; Type: ACL; Schema: public; Owner: postgres
--

GRANT SELECT,USAGE ON SEQUENCE public.auth_user_user_permissions_id_seq TO kieth;


--
-- Name: TABLE django_admin_log; Type: ACL; Schema: public; Owner: postgres
--

GRANT ALL ON TABLE public.django_admin_log TO kieth;


--
-- Name: SEQUENCE django_admin_log_id_seq; Type: ACL; Schema: public; Owner: postgres
--

GRANT SELECT,USAGE ON SEQUENCE public.django_admin_log_id_seq TO kieth;


--
-- Name: TABLE django_content_type; Type: ACL; Schema: public; Owner: postgres
--

GRANT ALL ON TABLE public.django_content_type TO kieth;


--
-- Name: SEQUENCE django_content_type_id_seq; Type: ACL; Schema: public; Owner: postgres
--

GRANT SELECT,USAGE ON SEQUENCE public.django_content_type_id_seq TO kieth;


--
-- Name: TABLE django_migrations; Type: ACL; Schema: public; Owner: postgres
--

GRANT ALL ON TABLE public.django_migrations TO kieth;


--
-- Name: SEQUENCE django_migrations_id_seq; Type: ACL; Schema: public; Owner: postgres
--

GRANT SELECT,USAGE ON SEQUENCE public.django_migrations_id_seq TO kieth;


--
-- Name: TABLE django_session; Type: ACL; Schema: public; Owner: postgres
--

GRANT ALL ON TABLE public.django_session TO kieth;


--
-- PostgreSQL database dump complete
--

\unrestrict EiNBaaGcgrYb3asvnaEX5Qe1ozaxHxt4Zj61lnyxjCNNSE8jlTWPDFNTFrCLnVK

